0,515.0,2.0,5.348658960101909
1,515.0,6.0,-2.6213572480527305
2,515.0,12.0,-5.658730710436526
3,515.0,13.0,6.672250769608304
4,515.0,14.0,-11.697143848726522
5,515.0,15.0,37.721546519475645
6,515.0,17.0,-0.8698867867290403
7,515.0,19.0,-11.39090555290884
8,515.0,24.0,-42.91179919032666
9,515.0,28.0,0.7855949824216766
10,516.0,2.0,6.626310924214007
11,516.0,6.0,-22.09232770496675
12,516.0,12.0,-9.098349748354314
13,516.0,13.0,-7.069419737174223
14,516.0,14.0,-49.76313939636296
15,516.0,15.0,16.194993880447203
16,516.0,17.0,12.51174871026381
17,516.0,19.0,-19.288663482542006
18,516.0,24.0,-60.54947912904676
19,516.0,28.0,-15.964056192250217
20,517.0,2.0,3.472115276755999
21,517.0,6.0,-5.2635908597583905
22,517.0,12.0,-16.702140212985068
23,517.0,13.0,-16.750480711544167
24,517.0,14.0,5.574252853735281
25,517.0,15.0,27.209013469775652
26,517.0,24.0,-28.514134067374847
27,517.0,28.0,10.897097890930077
28,518.0,2.0,-20.112844000333048
29,518.0,6.0,6.997666600892608
30,518.0,12.0,-14.33321417998331
31,518.0,13.0,14.908612446081621
32,518.0,14.0,14.362665763053387
33,518.0,15.0,-1.6298853075894826
34,518.0,24.0,-59.015579546680556
35,518.0,28.0,44.22475300066011
36,519.0,2.0,-37.968930552671765
37,519.0,6.0,-46.59887555370025
38,519.0,12.0,-55.9818413597746
39,519.0,13.0,-3.148297956612981
40,519.0,14.0,-29.7161756627045
41,519.0,15.0,-21.414857896822145
42,519.0,24.0,-64.31387895057439
43,519.0,28.0,75.61115637812523
44,520.0,2.0,8.303417997174304
45,520.0,6.0,15.501910955361236
46,520.0,12.0,-51.25011266700023
47,520.0,14.0,3.800813977511109
48,520.0,15.0,9.957467124670218
49,520.0,24.0,-12.394585280781017
50,521.0,2.0,-61.10332070849222
51,521.0,6.0,-27.945728035115955
52,521.0,12.0,-77.58592908321609
53,521.0,13.0,26.473443051872113
54,521.0,14.0,-111.60352859963477
55,521.0,15.0,-45.249248052486024
56,521.0,19.0,-57.73542762545288
57,521.0,24.0,-95.36628705708317
58,521.0,28.0,87.64672524768395
59,522.0,2.0,-4.531851924694013
60,522.0,6.0,3.447825493671808
61,522.0,12.0,-27.32216658969025
62,522.0,14.0,8.41590410549445
63,522.0,15.0,-5.843944084157466
64,522.0,19.0,-0.3809509320288856
65,522.0,24.0,-61.64025931825471
66,523.0,2.0,-36.113330626255525
67,523.0,6.0,-8.213059558048254
68,523.0,12.0,-30.99758679457427
69,523.0,14.0,-32.53181331529181
70,523.0,15.0,-22.915543728002934
71,523.0,17.0,-19.407606602352374
72,523.0,19.0,-56.40924304337745
73,523.0,24.0,-28.594069855830703
74,523.0,28.0,20.04371486368237
75,524.0,2.0,-20.48963798380813
76,524.0,6.0,6.421074100382841
77,524.0,12.0,-13.72365658397378
78,524.0,15.0,-6.908588101459148
79,524.0,17.0,4.158055271663636
80,524.0,19.0,-15.481148242454202
81,524.0,24.0,5.85216602371177
82,524.0,28.0,44.57192068602617
83,525.0,2.0,-17.359965457141435
84,525.0,6.0,23.90708505675626
85,525.0,12.0,-15.62696202999102
86,525.0,17.0,-7.838810543881654
87,525.0,19.0,-13.994943780956069
88,525.0,24.0,0.34264412399313665
89,525.0,28.0,31.80881185261598
90,526.0,2.0,-21.200363262402472
91,526.0,6.0,2.2826758742222473
92,526.0,12.0,-42.22314243061851
93,526.0,14.0,32.85166763713313
94,526.0,17.0,-12.240022472253484
95,526.0,19.0,-7.992573348589639
96,526.0,24.0,-3.4119159299467325
97,526.0,28.0,7.709274509518556
98,527.0,2.0,-6.200866843254667
99,527.0,6.0,-30.36983029416719
100,527.0,12.0,-50.28646489150065
101,527.0,14.0,25.60905260890608
102,527.0,17.0,-12.349632344881979
103,527.0,19.0,-5.584068030242426
104,527.0,24.0,-0.308835695988593
105,527.0,28.0,35.45690866950708
106,528.0,2.0,-25.04726086950199
107,528.0,6.0,-0.5925012455294798
108,528.0,12.0,-30.199068741176198
109,528.0,14.0,-27.201317699093885
110,528.0,17.0,-16.1798255981278
111,528.0,19.0,-18.456942840431733
112,528.0,24.0,-65.96812936916757
113,528.0,28.0,29.791690562685375
114,529.0,2.0,5.767337081757747
115,529.0,6.0,-3.1467992225452086
116,529.0,12.0,-21.235406015025834
117,529.0,14.0,49.09750506571314
118,529.0,17.0,-0.8899298374304045
119,529.0,19.0,-4.315147926701899
120,529.0,24.0,-33.03281504529879
121,529.0,28.0,0.4418160951877063
122,530.0,2.0,17.415091534616973
123,530.0,6.0,-5.763016474549413
124,530.0,12.0,-18.715583259669444
125,530.0,17.0,2.7531328852179158
126,530.0,19.0,-9.682671953082647
127,530.0,24.0,-22.80188115455318
128,530.0,28.0,12.291794086766807
129,531.0,6.0,2.031881817499413
130,531.0,12.0,-22.8026688957945
131,531.0,13.0,206.20529421589728
132,531.0,17.0,0.1544221853932219
133,531.0,19.0,-6.365288773396516
134,531.0,24.0,-20.1376432683343
135,531.0,28.0,40.95165872024081
136,532.0,6.0,-75.16209097149752
137,532.0,12.0,-61.61835781263702
138,532.0,15.0,-8.231876377138303
139,532.0,17.0,-75.14544343652516
140,532.0,19.0,-14.201012677000929
141,532.0,24.0,-55.852402271183884
142,532.0,28.0,19.96943662434046
143,533.0,6.0,-2.1158601734868694
144,533.0,12.0,2.185726863593549
145,533.0,13.0,63.692548137663344
146,533.0,15.0,-2.1864314640391544
147,533.0,17.0,-2.074843372428298
148,533.0,19.0,-3.9340967670518388
149,533.0,24.0,-27.692503793801663
150,533.0,28.0,8.779869008792067
151,534.0,6.0,-23.189377836286006
152,534.0,12.0,-75.34464777516315
153,534.0,13.0,5.176417752965341
154,534.0,14.0,26.24549604283583
155,534.0,17.0,-48.82436809168192
156,534.0,19.0,-17.24253663963733
157,534.0,24.0,-68.65565710930382
158,534.0,28.0,20.492196299978207
159,535.0,2.0,69.00598093119694
160,535.0,6.0,-3.9263524075498837
161,535.0,12.0,-4.924015507015222
162,535.0,13.0,4.883281406884183
163,535.0,14.0,5.508360239665462
164,535.0,17.0,-4.988106602143533
165,535.0,19.0,-10.253172593983432
166,535.0,24.0,-21.739827366992362
167,535.0,28.0,2.9996069034535626
168,536.0,6.0,-2.457397249533383
169,536.0,12.0,-12.206967056959492
170,536.0,13.0,0.6384400012748386
171,536.0,14.0,5.841533154374806
172,536.0,15.0,85.3045270301426
173,536.0,17.0,-6.368175998744085
174,536.0,19.0,-4.174376390479123
175,536.0,24.0,-14.480131107100902
176,536.0,28.0,8.355681323570138
177,537.0,2.0,-17.74721157628043
178,537.0,6.0,-14.043328045151533
179,537.0,12.0,-39.77434767377848
180,537.0,13.0,75.46402253603841
181,537.0,14.0,-38.69756063038374
182,537.0,15.0,78.61264884217059
183,537.0,17.0,-10.787123144682203
184,537.0,19.0,-27.03286936331784
185,537.0,24.0,-37.334145262701625
186,537.0,28.0,-4.147407864278992
187,538.0,2.0,14.35328299772438
188,538.0,6.0,-8.653838568945076
189,538.0,12.0,-23.349012395585163
190,538.0,13.0,10.428656093319566
191,538.0,14.0,7.215660993663944
192,538.0,17.0,-0.07201737191152408
193,538.0,19.0,-14.824398176004808
194,538.0,24.0,-36.25194195251875
195,538.0,28.0,-8.774623282284805
196,539.0,2.0,37.38883939037929
197,539.0,6.0,-1.7098696073493551
198,539.0,12.0,-14.11056354857733
199,539.0,14.0,-2.942957447286843
200,539.0,17.0,25.75546025793443
201,539.0,19.0,-4.828621490505494
202,539.0,24.0,-33.15535487383858
203,539.0,28.0,8.89734687829992
204,540.0,2.0,3.067013664398158
205,540.0,6.0,-5.118326840697591
206,540.0,12.0,-41.25957460385502
207,540.0,13.0,-22.375281335194
208,540.0,14.0,6.293164897001792
209,540.0,15.0,3.391779020217649
210,540.0,17.0,0.0925744890016506
211,540.0,19.0,-10.237473900398486
212,540.0,24.0,-29.31972051813569
213,540.0,28.0,6.9510696753976955
214,541.0,2.0,-5.508956675468987
215,541.0,6.0,-25.935291165657134
216,541.0,12.0,-11.43146376024713
217,541.0,13.0,30.833130242376598
218,541.0,14.0,8.2646971610384
219,541.0,15.0,-1.288174322955944
220,541.0,17.0,0.8417325166761542
221,541.0,19.0,-0.3162977798375968
222,541.0,24.0,-17.26801041062231
223,541.0,28.0,6.880418353496729
224,542.0,2.0,0.6772894845082569
225,542.0,6.0,-0.2561965424996096
226,542.0,12.0,-6.33595326840941
227,542.0,13.0,20.352088482617727
228,542.0,14.0,28.227878058889523
229,542.0,15.0,38.96194580858072
230,542.0,17.0,-3.761610007603773
231,542.0,19.0,-0.404700609558506
232,542.0,24.0,-30.79449980550032
233,542.0,28.0,4.303846943104374
234,543.0,2.0,1.1288087599355505
235,543.0,6.0,-36.87107240057559
236,543.0,12.0,-64.32470039336252
237,543.0,13.0,3.064378574941307
238,543.0,15.0,20.0111351603691
239,543.0,17.0,-27.37803660832314
240,543.0,19.0,-8.389607403349777
241,543.0,24.0,-60.66905985556854
242,543.0,28.0,34.609277519925136
243,544.0,2.0,-4.328949502048845
244,544.0,6.0,-39.559701635084195
245,544.0,12.0,-51.93279630006716
246,544.0,13.0,10.111444137157976
247,544.0,14.0,31.842500154831157
248,544.0,15.0,-34.59026295033645
249,544.0,17.0,-15.02053092778068
250,544.0,19.0,-49.309405470467716
251,544.0,24.0,-67.67938224854137
252,544.0,28.0,22.226074813713137
253,545.0,2.0,-20.908069300235702
254,545.0,6.0,-17.29936157547378
255,545.0,12.0,-19.158724627237003
256,545.0,13.0,45.658752154417016
257,545.0,14.0,29.920201144630855
258,545.0,15.0,-9.364297794447836
259,545.0,17.0,-13.444950199542046
260,545.0,19.0,-11.251101116281117
261,545.0,24.0,-21.302965488318637
262,545.0,28.0,17.671365389943084
263,546.0,2.0,-47.98944205673722
264,546.0,6.0,-33.56846611276829
265,546.0,12.0,-42.56556468771846
266,546.0,13.0,51.05382883891238
267,546.0,17.0,-22.714094450659807
268,546.0,19.0,-28.515690972740867
269,546.0,24.0,-49.5200102998697
270,546.0,28.0,-25.726806937893617
271,547.0,2.0,-3.1176538868287755
272,547.0,6.0,-2.6535533245134046
273,547.0,12.0,-11.640938224967632
274,547.0,13.0,59.75876684304521
275,547.0,15.0,-5.818154145836187
276,547.0,17.0,-2.3047126597649856
277,547.0,19.0,-5.264895656379497
278,547.0,24.0,-20.45533559312891
279,548.0,2.0,5.92084346451181
280,548.0,6.0,-9.100437795484389
281,548.0,12.0,-24.423505152042356
282,548.0,13.0,17.116270470362345
283,548.0,15.0,-4.9166598433467765
284,548.0,19.0,-7.240754840885931
285,548.0,24.0,-32.50693205160871
286,548.0,28.0,39.905765635835245
287,549.0,2.0,6.596463912139939
288,549.0,6.0,11.693466693915596
289,549.0,12.0,-37.348693548166686
290,549.0,13.0,7.923968755493695
291,549.0,15.0,4.425340845127315
292,549.0,19.0,6.2239278142514625
293,549.0,24.0,-0.8485486171738936
294,550.0,2.0,-85.801982041796
295,550.0,6.0,-72.70640955881755
296,550.0,12.0,-80.82991771257603
297,550.0,14.0,104.14253901320605
298,550.0,19.0,-49.35426494902271
299,550.0,24.0,-106.86274755141153
300,550.0,28.0,-30.605767850656626
301,551.0,2.0,7.395945538769377
302,551.0,6.0,25.02375813117292
303,551.0,12.0,-34.89161126232809
304,551.0,19.0,1.4777467260512127
305,551.0,24.0,-5.415538419192325
306,552.0,2.0,0.6084948503892567
307,552.0,6.0,0.7047214730215217
308,552.0,12.0,-65.73303727609829
309,552.0,13.0,-8.301722980556303
310,552.0,19.0,1.2609044725565024
311,552.0,24.0,-34.08709023478151
312,553.0,2.0,-37.17212171609033
313,553.0,6.0,-53.55457772179669
314,553.0,12.0,-32.80972772017311
315,553.0,13.0,3.7098192645148442
316,553.0,17.0,-49.19505567332685
317,553.0,19.0,-25.818385496019303
318,553.0,24.0,-54.90218926075907
319,553.0,28.0,58.14747720682632
320,554.0,2.0,3.4332427589696284
321,554.0,6.0,-9.891649260714704
322,554.0,12.0,-16.503423813081486
323,554.0,17.0,-6.874587115467557
324,554.0,19.0,-6.277643643435574
325,554.0,24.0,-34.00201375032479
326,554.0,28.0,48.56783574031321
327,555.0,2.0,-22.813128452479628
328,555.0,6.0,-71.68789934922656
329,555.0,12.0,-66.28938230644276
330,555.0,13.0,-4.465967596441165
331,555.0,17.0,-22.32172290232825
332,555.0,19.0,-43.283066916368796
333,555.0,24.0,-86.20316318323954
334,555.0,28.0,63.460759615543274
335,556.0,2.0,12.063596125626088
336,556.0,6.0,-21.399726551252837
337,556.0,12.0,-32.21462730719958
338,556.0,13.0,-24.233788492893684
339,556.0,17.0,-18.44761461763681
340,556.0,19.0,-37.658075195409154
341,556.0,24.0,-40.630044524842226
342,556.0,28.0,60.18168111020131
343,557.0,2.0,-21.68833551851441
344,557.0,6.0,-19.14001139953848
345,557.0,12.0,-49.82410952508978
346,557.0,13.0,-17.222112124153142
347,557.0,14.0,83.19909787077
348,557.0,17.0,28.118471883874985
349,557.0,19.0,-21.940378431102214
350,557.0,24.0,-23.177233414601222
351,557.0,28.0,77.36474844917376
352,558.0,2.0,4.84819010424614
353,558.0,6.0,-1.0096580254381664
354,558.0,12.0,-6.325982365230629
355,558.0,13.0,10.1936365743216
356,558.0,17.0,36.378883073014435
357,558.0,19.0,-2.6180461692426644
358,558.0,24.0,-7.890721172505257
359,559.0,2.0,0.6010716425238427
360,559.0,6.0,-43.82610236857257
361,559.0,12.0,-85.16393109532221
362,559.0,13.0,-33.58197913614052
363,559.0,19.0,-37.616273543925764
364,559.0,24.0,-78.44247931233768
365,560.0,2.0,3.453586143380826
366,560.0,6.0,3.7926356620022945
367,560.0,12.0,-36.618172933671225
368,560.0,13.0,-5.465465856385638
369,560.0,17.0,-53.656177838031155
370,560.0,19.0,-2.0026747460694176
371,560.0,24.0,-61.40321200979904
372,561.0,2.0,10.096656659821928
373,561.0,6.0,1.8872444981865466
374,561.0,12.0,-20.479618657994155
375,561.0,13.0,-22.18144767232232
376,561.0,17.0,-33.31853986605685
377,561.0,19.0,-22.362049069145083
378,561.0,24.0,-67.4662101593968
379,562.0,2.0,-10.980163745234634
380,562.0,6.0,-29.506545688326185
381,562.0,12.0,-48.90998423942677
382,562.0,13.0,-24.801333491529775
383,562.0,17.0,-33.352588148547625
384,562.0,19.0,-27.786087871393853
385,562.0,24.0,-73.90871004987024
386,563.0,2.0,-48.88500518416175
387,563.0,6.0,-47.94073639845286
388,563.0,12.0,-42.90115450990431
389,563.0,13.0,-60.748894372949316
390,563.0,17.0,-60.22546965805251
391,563.0,19.0,-46.06805827341832
392,563.0,24.0,-55.21794334649273
393,563.0,28.0,63.380193587297846
394,564.0,2.0,5.396023066162986
395,564.0,6.0,-10.967842973005464
396,564.0,12.0,-38.58309098020252
397,564.0,17.0,-66.1181963671469
398,564.0,19.0,-8.53318117884379
399,564.0,24.0,-41.59809490571478
400,565.0,2.0,-97.73297967825059
401,565.0,6.0,-92.44397266666222
402,565.0,12.0,-119.84917881168941
403,565.0,13.0,-66.22450222497062
404,565.0,14.0,127.45109502208318
405,565.0,17.0,-76.27041420309945
406,565.0,19.0,-101.40584954256153
407,565.0,24.0,-124.51006871824144
408,565.0,28.0,12.463256127166025
409,566.0,2.0,-13.547056651137062
410,566.0,6.0,-34.264786885944154
411,566.0,12.0,-26.819258537195907
412,566.0,17.0,-34.650138557902935
413,566.0,19.0,-16.859426192133085
414,566.0,24.0,-31.926636639607274
415,566.0,28.0,59.733711274248314
416,567.0,2.0,-87.74939087376448
417,567.0,6.0,-151.65259806401107
418,567.0,12.0,-151.33222542529384
419,567.0,17.0,-108.0016563486195
420,567.0,19.0,-95.33670594089816
421,567.0,24.0,-209.24822998259015
422,567.0,28.0,62.986776292912225
423,568.0,2.0,-58.236710558368486
424,568.0,6.0,-28.826943814522846
425,568.0,12.0,-91.13385388022361
426,568.0,13.0,259.4253126119402
427,568.0,17.0,-53.86590133373991
428,568.0,19.0,-33.63297338149988
429,568.0,24.0,-38.27097150196486
430,568.0,28.0,71.11664537913492
431,569.0,2.0,-67.09921711098467
432,569.0,6.0,-144.67536462377348
433,569.0,12.0,-106.00321957192585
434,569.0,13.0,-60.23302974804529
435,569.0,17.0,-108.12760171317434
436,569.0,19.0,-81.91061224924502
437,569.0,24.0,-184.12699966006608
438,569.0,28.0,61.82950192326735
439,570.0,6.0,-107.43039831502023
440,570.0,12.0,-115.18821630817504
441,570.0,13.0,-6.946358665720814
442,570.0,17.0,-90.01015286764388
443,570.0,19.0,-65.46739298051808
444,570.0,24.0,-145.1929568295365
445,570.0,28.0,78.41926230657687
446,571.0,2.0,-7.0555572216783204
447,571.0,6.0,-24.030343322976233
448,571.0,12.0,-37.229427183662274
449,571.0,13.0,-14.574301918441188
450,571.0,14.0,83.94086851596732
451,571.0,17.0,-9.880233216539649
452,571.0,19.0,-23.53399197048318
453,571.0,24.0,-21.170774911415155
454,571.0,28.0,49.49958280698319
455,572.0,2.0,-15.360508853138738
456,572.0,6.0,-27.67373311102173
457,572.0,12.0,-40.037652211116
458,572.0,14.0,6.927730999015558
459,572.0,17.0,-42.3140840475614
460,572.0,19.0,-30.419232264960723
461,572.0,24.0,-28.80953463395644
462,572.0,28.0,47.23629731742508
463,573.0,2.0,-25.799631309463198
464,573.0,6.0,-33.55934977509688
465,573.0,12.0,-49.59604215486242
466,573.0,13.0,25.93765212746825
467,573.0,14.0,66.6449272044695
468,573.0,17.0,-23.881366815832756
469,573.0,19.0,-28.2902421934144
470,573.0,24.0,-22.988958012415207
471,573.0,28.0,42.71282064205767
472,574.0,2.0,-52.43424650861511
473,574.0,6.0,-42.41448372432183
474,574.0,12.0,-57.11597430625825
475,574.0,17.0,38.31217884025305
476,574.0,19.0,-33.96005704518286
477,574.0,24.0,-76.72045424868952
478,574.0,28.0,54.106816875242885
479,575.0,2.0,-63.666078295926134
480,575.0,6.0,-60.63674053967595
481,575.0,12.0,-68.19928241844481
482,575.0,13.0,62.020305058142156
483,575.0,19.0,-58.10739735190537
484,575.0,24.0,-36.914041522793525
485,575.0,28.0,-20.401016541092496
486,576.0,2.0,-31.554574296734057
487,576.0,6.0,-71.3811296416966
488,576.0,12.0,-108.39246408695693
489,576.0,19.0,-62.27194583481398
490,576.0,24.0,-52.34817862754496
491,576.0,28.0,-5.477516509842366
492,577.0,2.0,-57.29622271979803
493,577.0,6.0,-98.34163372718379
494,577.0,12.0,-170.25333280398812
495,577.0,17.0,-75.01276857497625
496,577.0,19.0,-115.05682433916726
497,577.0,24.0,-98.65615312560105
498,577.0,28.0,-60.35290117063324
499,578.0,2.0,-54.18619744968289
500,578.0,6.0,-21.740319539709223
501,578.0,12.0,-78.79886782430984
502,578.0,13.0,206.07403633036836
503,578.0,14.0,21.940863225206183
504,578.0,17.0,-14.481978335703625
505,578.0,19.0,-40.06834632900354
506,578.0,24.0,-59.330637866762316
507,578.0,28.0,-69.15148513370947
508,579.0,2.0,-33.45929964435805
509,579.0,6.0,-83.17420459143786
510,579.0,12.0,-37.85080179060172
511,579.0,14.0,54.40066846673933
512,579.0,17.0,-41.41863231965
513,579.0,19.0,-38.275861543250166
514,579.0,24.0,-82.49947789000511
515,579.0,28.0,-22.865142128869522
516,580.0,2.0,-91.47607243435301
517,580.0,6.0,-102.0894701845496
518,580.0,12.0,-72.59921543415929
519,580.0,13.0,46.49247367927659
520,580.0,14.0,11.21591222263111
521,580.0,15.0,14.634564242490729
522,580.0,17.0,-47.413961424088086
523,580.0,19.0,-68.33529360302892
524,580.0,24.0,-88.38781757117647
525,580.0,28.0,-22.94860908479781
526,581.0,2.0,-94.13127064538351
527,581.0,6.0,-41.089583970974296
528,581.0,12.0,-71.13190853329435
529,581.0,13.0,63.736942113546256
530,581.0,17.0,-21.946683887992616
531,581.0,19.0,-69.56946113822636
532,581.0,24.0,-73.69467830347494
533,581.0,28.0,4.336805857178822
534,582.0,2.0,-60.78130529997788
535,582.0,6.0,-35.71422738383883
536,582.0,12.0,-67.98415023410928
537,582.0,14.0,126.54174901563258
538,582.0,15.0,22.060181627613947
539,582.0,17.0,-43.622440398579755
540,582.0,19.0,-40.902906418480846
541,582.0,24.0,-56.429291876050165
542,582.0,28.0,-25.909074983155694
543,583.0,2.0,-52.5967972803012
544,583.0,6.0,-60.428617505250756
545,583.0,12.0,-78.69186580889799
546,583.0,13.0,88.12165716457322
547,583.0,17.0,-46.563589995927266
548,583.0,19.0,-72.96129261619049
549,583.0,24.0,-86.74156583941979
550,583.0,28.0,-9.713190721014978
551,584.0,2.0,-86.62335952605936
552,584.0,6.0,-45.632321335658546
553,584.0,12.0,-70.55068515085588
554,584.0,14.0,35.08999094871228
555,584.0,15.0,28.027598614656316
556,584.0,17.0,-43.177713269315234
557,584.0,19.0,-82.45564340152481
558,584.0,24.0,-81.71877727652256
559,584.0,28.0,-24.668887664536754
560,585.0,2.0,-223.41785303375704
561,585.0,6.0,-35.977489661343775
562,585.0,12.0,-93.1953095407523
563,585.0,13.0,-24.319009615614636
564,585.0,14.0,33.24762679908029
565,585.0,15.0,22.459143732105407
566,585.0,17.0,-23.17338717799374
567,585.0,19.0,-107.07521747017238
568,585.0,24.0,-87.08546235895766
569,585.0,28.0,-22.0214628614071
570,586.0,2.0,-126.11647617134643
571,586.0,6.0,-72.60804653144376
572,586.0,12.0,-95.18223218732892
573,586.0,13.0,12.30682498818422
574,586.0,14.0,38.56553417691429
575,586.0,15.0,-7.475299373398693
576,586.0,17.0,8.684902554456897
577,586.0,19.0,-88.15468260824284
578,586.0,24.0,-116.37505473638797
579,586.0,28.0,1.7073097492738238
580,587.0,6.0,-108.05893380830955
581,587.0,12.0,-205.10584693129732
582,587.0,13.0,-18.234337371315984
583,587.0,14.0,-8.534773183779025
584,587.0,15.0,5.365565105739131
585,587.0,17.0,-41.84811085414551
586,587.0,19.0,-63.6699394107953
587,587.0,24.0,-100.97588951827792
588,587.0,28.0,-51.1163279155169
589,588.0,2.0,-470.94658291864516
590,588.0,6.0,-108.5353829410224
591,588.0,12.0,-133.20466381771428
592,588.0,13.0,-67.06324836414964
593,588.0,15.0,21.894558438198324
594,588.0,17.0,-31.211893975368803
595,588.0,19.0,-85.51596901461777
596,588.0,24.0,-140.53275691738247
597,588.0,28.0,-55.25190939637837
598,589.0,6.0,-86.9859583162672
599,589.0,12.0,-130.45266979735982
600,589.0,13.0,-3.6596982354018284
601,589.0,15.0,-0.3497049690570511
602,589.0,17.0,-54.618334470789826
603,589.0,19.0,-65.57845304522283
604,589.0,24.0,-116.20531844889169
605,589.0,28.0,-84.67082005930367
606,590.0,6.0,-37.90837900402909
607,590.0,12.0,-63.155838473921705
608,590.0,17.0,-21.46456749952042
609,590.0,19.0,-111.92199347312315
610,590.0,24.0,-64.26548641276642
611,590.0,28.0,8.222447042270622
612,591.0,2.0,152.73145187878453
613,591.0,6.0,-117.77737774008003
614,591.0,12.0,-82.94196751483913
615,591.0,14.0,-22.791122474866253
616,591.0,15.0,-16.237885445013454
617,591.0,17.0,-28.05501569384149
618,591.0,19.0,-85.74178028255079
619,591.0,24.0,-88.92900935582904
620,591.0,28.0,-38.353085093837436
621,592.0,2.0,102.56689733289303
622,592.0,6.0,-97.33773097774166
623,592.0,12.0,-78.87851757546338
624,592.0,13.0,33.22708496615329
625,592.0,14.0,-24.854117368227556
626,592.0,15.0,-47.2349721372509
627,592.0,17.0,-37.259264259349735
628,592.0,19.0,-71.94214952415717
629,592.0,24.0,-104.65323845936805
630,592.0,28.0,-43.38196963187103
631,593.0,2.0,50.91124439052145
632,593.0,6.0,-101.13355417757282
633,593.0,12.0,-67.61284729035417
634,593.0,13.0,13.134799556036436
635,593.0,14.0,4.169248748517324
636,593.0,15.0,-54.225339101836795
637,593.0,17.0,-33.821852932631245
638,593.0,19.0,-77.042083105357
639,593.0,24.0,-100.86557974368473
640,593.0,28.0,-49.94710352283539
641,594.0,2.0,-4.243431962558777
642,594.0,6.0,-95.80116339229812
643,594.0,12.0,-69.64588489322526
644,594.0,13.0,2.2074301882607594
645,594.0,14.0,15.765760012488135
646,594.0,17.0,-37.242743630798365
647,594.0,19.0,-71.65008933821711
648,594.0,24.0,-100.80893720807812
649,594.0,28.0,-101.10019576779838
650,595.0,2.0,-2.576060607489909
651,595.0,6.0,-107.44924481217699
652,595.0,12.0,-74.94393225742944
653,595.0,13.0,-6.360380140573526
654,595.0,14.0,27.64361150424496
655,595.0,17.0,-47.782963126689424
656,595.0,19.0,-76.79882734951151
657,595.0,24.0,-116.57261612929234
658,595.0,28.0,-99.32578484113279
659,596.0,2.0,39.46089992586407
660,596.0,6.0,-72.80307378029754
661,596.0,12.0,-60.7711927256747
662,596.0,13.0,-2.0439801831633533
663,596.0,14.0,32.182698843382546
664,596.0,15.0,1.7331476940282204
665,596.0,17.0,-25.144274395622496
666,596.0,19.0,-60.12360413902616
667,596.0,24.0,-63.65329093327143
668,596.0,28.0,-41.523808113701655
669,597.0,2.0,-24.170283521940902
670,597.0,6.0,-66.20419127278032
671,597.0,12.0,-51.011710177213956
672,597.0,13.0,57.00749477264301
673,597.0,17.0,-31.99076079822808
674,597.0,19.0,-9.53077638749362
675,597.0,24.0,-44.7914693220408
676,597.0,28.0,-60.01681533717872
677,598.0,2.0,-13.422225359442011
678,598.0,6.0,-7.693759101638755
679,598.0,12.0,-23.62541965688781
680,598.0,13.0,67.37962829430414
681,598.0,17.0,-8.394896290558526
682,598.0,19.0,-15.262030318241726
683,598.0,24.0,-37.09417473199566
684,598.0,28.0,-0.3852082843908838
685,599.0,2.0,4.9623445475878665
686,599.0,6.0,0.31591967568832796
687,599.0,12.0,-22.969984927969595
688,599.0,15.0,164.93159776793067
689,599.0,17.0,3.346387999734284
690,599.0,19.0,-0.8731207524734312
691,599.0,24.0,-22.51156268855981
692,599.0,28.0,-0.4409026553877627
693,600.0,2.0,-111.0158674267782
694,600.0,6.0,-156.63494866457248
695,600.0,12.0,-97.8183408829784
696,600.0,14.0,153.34108065762246
697,600.0,17.0,-102.17290504771393
698,600.0,19.0,-86.88402922279549
699,600.0,24.0,-139.06277996160753
700,600.0,28.0,-86.17782510500973
701,601.0,2.0,-107.38063652068541
702,601.0,6.0,-102.3560899340558
703,601.0,12.0,-110.69342449941519
704,601.0,13.0,19.120553173719333
705,601.0,14.0,96.20397876891154
706,601.0,17.0,-125.76565658600356
707,601.0,19.0,-141.581528337466
708,601.0,24.0,-165.84876651362543
709,601.0,28.0,-113.34157556767431
710,602.0,2.0,-83.65429044509115
711,602.0,6.0,-96.5791337103583
712,602.0,12.0,-118.35277031537319
713,602.0,13.0,1.433977706993586
714,602.0,14.0,44.99785481839918
715,602.0,15.0,-137.59288144021977
716,602.0,17.0,-83.83969777227858
717,602.0,19.0,-123.84970177593081
718,602.0,24.0,-115.87294062429224
719,602.0,28.0,-69.41476191536469
720,603.0,2.0,-57.79323162936196
721,603.0,6.0,-84.95839900604625
722,603.0,12.0,-132.2544440094655
723,603.0,13.0,10.574796245558174
724,603.0,14.0,36.11096333184535
725,603.0,15.0,-147.55738285366132
726,603.0,17.0,-88.81097402651633
727,603.0,19.0,-157.53985114605294
728,603.0,24.0,-134.93452085845024
729,603.0,28.0,-66.68328101441153
730,604.0,2.0,-50.391672248457745
731,604.0,6.0,-110.03220291415869
732,604.0,12.0,-85.16695744274564
733,604.0,13.0,3.8752166214402752
734,604.0,14.0,32.32078574997461
735,604.0,17.0,-55.483368715034395
736,604.0,19.0,-81.73213330867694
737,604.0,24.0,-90.8101636202493
738,604.0,28.0,-63.18794311931243
739,605.0,2.0,-32.67584189562173
740,605.0,6.0,-92.5415633323576
741,605.0,12.0,-136.44162339126203
742,605.0,13.0,50.36906371469967
743,605.0,14.0,51.85644610973008
744,605.0,15.0,-79.82269073169493
745,605.0,17.0,-54.23283669673239
746,605.0,19.0,-102.89944994464506
747,605.0,24.0,-95.07802290315792
748,605.0,28.0,-28.991526004108536
749,606.0,2.0,-11.024359886222154
750,606.0,6.0,-96.11890365764049
751,606.0,12.0,-72.30877625601087
752,606.0,14.0,42.587483172807914
753,606.0,15.0,-13.835201034229058
754,606.0,17.0,-60.178191115228955
755,606.0,19.0,-57.41514295334881
756,606.0,24.0,-66.182625945497
757,606.0,28.0,-38.015092650351285
758,607.0,2.0,-18.191559783050007
759,607.0,6.0,-103.97002367805939
760,607.0,12.0,-74.8600686653294
761,607.0,14.0,12.015336836611707
762,607.0,17.0,-69.29051105290162
763,607.0,19.0,-37.37379106146685
764,607.0,24.0,-65.78914986469889
765,607.0,28.0,-61.79487326648892
766,608.0,2.0,-24.089487781779653
767,608.0,6.0,-21.98131324185752
768,608.0,12.0,-26.958001325312598
769,608.0,13.0,80.85720170322732
770,608.0,14.0,-9.769431560479315
771,608.0,15.0,-47.225644451309506
772,608.0,17.0,-58.047684902537924
773,608.0,19.0,-46.795816796630135
774,608.0,24.0,-37.50843947408386
775,608.0,28.0,-26.350907359760804
776,609.0,2.0,-47.13262408105082
777,609.0,6.0,-81.1179417900525
778,609.0,12.0,-52.321065290476724
779,609.0,13.0,25.006310341893762
780,609.0,14.0,-25.670651826243144
781,609.0,17.0,-58.78962697182121
782,609.0,19.0,10.497055721688572
783,609.0,24.0,-46.29906431103272
784,609.0,28.0,-89.98523412413586
785,610.0,2.0,-69.70153275860245
786,610.0,6.0,-76.09615639703205
787,610.0,12.0,-78.79138085835211
788,610.0,13.0,28.337180024074037
789,610.0,14.0,-29.411870506192216
790,610.0,17.0,-71.32878041383573
791,610.0,19.0,0.5655334396132776
792,610.0,24.0,-95.22145337214886
793,610.0,28.0,-93.80648531679212
794,611.0,2.0,-47.90405162834527
795,611.0,6.0,-47.49687895673623
796,611.0,12.0,-71.96700330831699
797,611.0,13.0,-0.355889903496669
798,611.0,14.0,-7.851543039842883
799,611.0,17.0,-40.12690708367687
800,611.0,19.0,-19.494484207146712
801,611.0,24.0,-82.95593114762897
802,611.0,28.0,-65.56173483378795
803,612.0,2.0,-30.855365378828928
804,612.0,6.0,-131.27743608049317
805,612.0,12.0,-110.91363689334719
806,612.0,14.0,-2.3393647879836266
807,612.0,17.0,-52.14379324007714
808,612.0,19.0,-26.527941038490148
809,612.0,24.0,-88.91149218631317
810,612.0,28.0,-68.86023342910121
811,613.0,2.0,26.239062587874443
812,613.0,6.0,-98.26260793697332
813,613.0,12.0,-67.99397500890896
814,613.0,14.0,15.154204574492931
815,613.0,17.0,-34.024596416423606
816,613.0,19.0,-9.015803164742488
817,613.0,24.0,-64.69369625702015
818,613.0,28.0,-86.64483280080364
819,614.0,2.0,-43.32635072087517
820,614.0,6.0,-92.80724376829122
821,614.0,13.0,-43.249379660592055
822,614.0,14.0,-71.69632040294547
823,614.0,17.0,-65.1840578607205
824,614.0,19.0,18.279078351476148
825,614.0,24.0,-94.49615312587174
826,614.0,28.0,-106.05305851230924
827,615.0,2.0,18.95286018731204
828,615.0,6.0,-47.16725742249678
829,615.0,12.0,-69.68882395299299
830,615.0,14.0,-23.63179612826455
831,615.0,17.0,-16.10211901691469
832,615.0,19.0,-8.004380791980688
833,615.0,24.0,-69.96184296503482
834,615.0,28.0,-71.64496248772775
835,616.0,2.0,-9.629659856772529
836,616.0,6.0,-35.6469361157575
837,616.0,12.0,-98.41223598538592
838,616.0,13.0,14.052190043785444
839,616.0,14.0,27.905227077867202
840,616.0,17.0,12.425827867515824
841,616.0,19.0,-77.40894145234958
842,616.0,24.0,-63.35273843609501
843,616.0,28.0,-91.10860793732463
844,617.0,2.0,-13.915260034893109
845,617.0,6.0,-24.03445019414541
846,617.0,12.0,-204.42789105571958
847,617.0,13.0,-8.611007337633593
848,617.0,17.0,-4.715516762769971
849,617.0,19.0,-26.659306674865192
850,617.0,24.0,-45.278078094150736
851,617.0,28.0,-68.60975150063831
852,618.0,2.0,-4.306855610477975
853,618.0,6.0,-4.184518648727915
854,618.0,12.0,-139.99906479490093
855,618.0,13.0,4.421736577656982
856,618.0,14.0,50.72378241741884
857,618.0,17.0,32.98279472636742
858,618.0,19.0,-57.10653403351125
859,618.0,24.0,-48.729336728596586
860,618.0,28.0,-62.608345765214224
861,619.0,6.0,-21.968455449157943
862,619.0,14.0,25.115371964395965
863,619.0,15.0,72.64700630098625
864,619.0,17.0,-21.54929493615124
865,619.0,19.0,-13.360339035300418
866,619.0,24.0,-37.907488220914765
867,619.0,28.0,-27.768807920487742
868,620.0,2.0,-7.947211572720667
869,620.0,6.0,-23.80872490936197
870,620.0,12.0,-108.13404960320575
871,620.0,13.0,2.8258977890406562
872,620.0,17.0,-13.729737356935066
873,620.0,19.0,-43.0672400443127
874,620.0,24.0,-47.696722456250455
875,620.0,28.0,-27.241267271331395
876,621.0,2.0,-37.55521323778971
877,621.0,6.0,-36.395916361363994
878,621.0,12.0,-21.820202762498745
879,621.0,17.0,-25.668066090861398
880,621.0,19.0,-12.723504002458043
881,621.0,24.0,-79.98530468997582
882,621.0,28.0,7.518256831344509
883,622.0,2.0,10.48532286394554
884,622.0,6.0,-11.518114916039453
885,622.0,12.0,-8.567594249070698
886,622.0,14.0,67.08279909516617
887,622.0,17.0,-0.9579597042839099
888,622.0,19.0,0.08188193009364692
889,622.0,24.0,-27.908231132397734
890,622.0,28.0,-15.28020656998796
891,623.0,2.0,-47.6766692407751
892,623.0,6.0,-28.068351618885533
893,623.0,12.0,-71.59638559979132
894,623.0,13.0,107.89363678575626
895,623.0,15.0,34.06549250858739
896,623.0,17.0,-28.726803368140985
897,623.0,19.0,-69.6020313468389
898,623.0,24.0,-54.37802220617172
899,623.0,28.0,-9.840714239332936
900,624.0,2.0,1.5604046987576314
901,624.0,6.0,-68.72686751238085
902,624.0,12.0,-51.5401702387501
903,624.0,17.0,-46.78533644431496
904,624.0,19.0,-18.38628088774757
905,624.0,24.0,-65.47782611223248
906,624.0,28.0,36.679360312035435
907,625.0,2.0,-10.507322759903268
908,625.0,6.0,-10.854031168332904
909,625.0,12.0,7.964557869000393
910,625.0,13.0,69.16252643523106
911,625.0,15.0,0.39521584492641554
912,625.0,17.0,-9.373137790143224
913,625.0,19.0,-5.581035687665327
914,625.0,24.0,-34.580504809036675
915,625.0,28.0,4.80028042737716
916,626.0,2.0,-7.311437474806789
917,626.0,6.0,-76.98278688485247
918,626.0,12.0,-57.34466427827684
919,626.0,13.0,-5.431011223359979
920,626.0,14.0,13.452024323700572
921,626.0,15.0,-28.166829092434014
922,626.0,17.0,-43.82075754670026
923,626.0,19.0,-44.127750091703135
924,626.0,24.0,-59.40988177617034
925,626.0,28.0,32.713555274688325
926,627.0,2.0,19.1906912576135
927,627.0,6.0,-71.2010491077739
928,627.0,12.0,-38.88346053614962
929,627.0,14.0,17.9840846744443
930,627.0,15.0,-87.07973381661513
931,627.0,17.0,-7.883804382551489
932,627.0,19.0,-62.99191050207644
933,627.0,24.0,-28.42397272624096
934,627.0,28.0,26.348774205596992
935,628.0,2.0,-48.440407144247814
936,628.0,6.0,-75.53997217364947
937,628.0,12.0,-134.5151307934003
938,628.0,14.0,10.724663514330942
939,628.0,15.0,-263.8284013752385
940,628.0,17.0,-43.2162247919792
941,628.0,19.0,-118.94067506823754
942,628.0,24.0,-48.58069820741704
943,628.0,28.0,-4.67346699938385
944,629.0,2.0,-72.50399363791085
945,629.0,6.0,-76.3389997771498
946,629.0,12.0,-102.86694624434725
947,629.0,14.0,-2.8515216910585903
948,629.0,17.0,-61.49959959205186
949,629.0,19.0,-98.04514957777245
950,629.0,24.0,-97.05493135310859
951,629.0,28.0,-19.108283072194574
952,630.0,2.0,-7.022245967531048
953,630.0,6.0,-7.933323501095999
954,630.0,12.0,-16.741127208137744
955,630.0,13.0,53.6025559065204
956,630.0,14.0,8.812075586060649
957,630.0,17.0,-14.363211307577592
958,630.0,19.0,-8.339722736343184
959,630.0,24.0,-19.998073970526157
960,630.0,28.0,29.77193417431279
961,631.0,2.0,11.684629251829039
962,631.0,6.0,-16.12713915803487
963,631.0,12.0,-10.758334021452738
964,631.0,15.0,-39.23045035498074
965,631.0,17.0,8.723733081424259
966,631.0,19.0,-8.094884508174953
967,631.0,24.0,-31.4901256978225
968,631.0,28.0,1.2224608146527114
969,632.0,2.0,-11.5059453308243
970,632.0,6.0,-40.8450649405287
971,632.0,12.0,-34.44419815544822
972,632.0,13.0,34.822735362940115
973,632.0,14.0,20.393254537800544
974,632.0,15.0,-29.883943527255074
975,632.0,17.0,-12.875196756740305
976,632.0,19.0,-34.51525853924998
977,632.0,24.0,-33.34213865691619
978,632.0,28.0,-33.84797105054419
979,633.0,2.0,-22.37312612265198
980,633.0,6.0,-23.828017395979863
981,633.0,12.0,-66.12823015257156
982,633.0,13.0,92.85837707312469
983,633.0,17.0,-18.164290747013393
984,633.0,19.0,-26.25940418642401
985,633.0,24.0,-21.885741807965655
986,633.0,28.0,-12.085756724426954
987,634.0,2.0,-13.738763402647624
988,634.0,6.0,-16.526474446902448
989,634.0,12.0,-13.187358074030914
990,634.0,13.0,75.85639953709806
991,634.0,17.0,-36.11328127938107
992,634.0,19.0,-16.76176050749294
993,634.0,24.0,-34.317639390168665
994,634.0,28.0,-4.063331451343402
995,635.0,2.0,-25.569348377909517
996,635.0,6.0,-103.94891506502005
997,635.0,12.0,6.772280197936501
998,635.0,13.0,-18.17979597090454
999,635.0,17.0,-43.30225521539586
1000,635.0,19.0,-73.7413629559905
1001,635.0,24.0,-74.29073399520797
1002,635.0,28.0,-47.961195601161236
1003,636.0,2.0,-49.39747935939839
1004,636.0,6.0,-105.55773472680066
1005,636.0,12.0,32.582050425986715
1006,636.0,15.0,-83.98726817165482
1007,636.0,17.0,-33.012991259919374
1008,636.0,19.0,-131.93120145387533
1009,636.0,24.0,-117.21347563281952
1010,636.0,28.0,11.142357354030796
1011,637.0,2.0,-43.139051155095665
1012,637.0,6.0,-111.06261424992587
1013,637.0,12.0,-0.08020288124600145
1014,637.0,13.0,-4.467636620950451
1015,637.0,14.0,-85.13810783792356
1016,637.0,15.0,-53.86640144179999
1017,637.0,17.0,-41.1554832331061
1018,637.0,19.0,-68.730844143949
1019,637.0,24.0,-91.64605317077573
1020,637.0,28.0,-12.300022566349993
1021,638.0,2.0,-63.1716642107076
1022,638.0,6.0,-82.13619023946795
1023,638.0,12.0,-36.181716078060475
1024,638.0,13.0,-57.69258576655881
1025,638.0,14.0,38.62950238511873
1026,638.0,15.0,-132.86111222689306
1027,638.0,17.0,-99.76061673967305
1028,638.0,19.0,-106.94491121600336
1029,638.0,24.0,-45.26926298004895
1030,638.0,28.0,-0.3777316296529794
1031,639.0,2.0,-25.05197162221029
1032,639.0,6.0,-46.58402471282535
1033,639.0,12.0,-37.93124367365042
1034,639.0,13.0,-67.12081513735914
1035,639.0,14.0,42.52848956870075
1036,639.0,15.0,-100.91325548502611
1037,639.0,17.0,-33.584203011782634
1038,639.0,19.0,-83.61993299007108
1039,639.0,24.0,-86.53267033200082
1040,639.0,28.0,31.636430817084104
1041,640.0,2.0,2.4363637672262985
1042,640.0,6.0,-14.850151766673584
1043,640.0,12.0,-26.021890037122336
1044,640.0,14.0,47.21164117286005
1045,640.0,17.0,-14.993471662954969
1046,640.0,19.0,-20.830950383502916
1047,640.0,24.0,-3.084603593549414
1048,640.0,28.0,0.46507696920292657
1049,641.0,2.0,5.7519652738311216
1050,641.0,6.0,-4.052694449375176
1051,641.0,12.0,-25.450121589287612
1052,641.0,17.0,-4.977214947488715
1053,641.0,19.0,-6.37683981960074
1054,641.0,24.0,-5.445141764482739
1055,641.0,28.0,3.470605094579007
1056,642.0,2.0,8.643552442716478
1057,642.0,6.0,10.815847064569196
1058,642.0,12.0,-29.133883913289157
1059,642.0,17.0,-4.34206553234061
1060,642.0,19.0,1.5567266127821273
1061,642.0,24.0,-16.22178052471245
1062,642.0,28.0,21.81282204992477
1063,643.0,2.0,8.022500793086891
1064,643.0,6.0,20.12103040505332
1065,643.0,12.0,-26.866615772819447
1066,643.0,17.0,4.611214403523486
1067,643.0,19.0,6.874488200534737
1068,643.0,24.0,-10.360758294316549
1069,643.0,28.0,20.085519421097032
1070,644.0,2.0,-12.974561756169
1071,644.0,6.0,-11.00270112448922
1072,644.0,12.0,-15.126658117154365
1073,644.0,14.0,57.03710976661403
1074,644.0,17.0,-9.029547778185432
1075,644.0,19.0,-3.6760882344942027
1076,644.0,24.0,-35.550468799193496
1077,644.0,28.0,28.12581969854392
1078,645.0,2.0,-35.61268910565389
1079,645.0,6.0,-18.02957514357297
1080,645.0,12.0,-27.659026837025543
1081,645.0,14.0,51.8402771386451
1082,645.0,17.0,-21.43326356317543
1083,645.0,19.0,-12.738928477571777
1084,645.0,24.0,-42.870301611089126
1085,645.0,28.0,13.805915002494391
1086,646.0,2.0,-7.24213603358691
1087,646.0,6.0,-5.945599212841007
1088,646.0,12.0,-41.29619723159347
1089,646.0,14.0,27.063900677290928
1090,646.0,15.0,14.047409078535814
1091,646.0,17.0,-11.567510833271628
1092,646.0,19.0,-3.975418811749302
1093,646.0,24.0,-35.753309301026334
1094,646.0,28.0,4.52373197775712
1095,647.0,2.0,-35.334288988698525
1096,647.0,6.0,-26.8235296300676
1097,647.0,12.0,-80.25111487899245
1098,647.0,13.0,159.26478415089795
1099,647.0,14.0,-7.593286750895624
1100,647.0,15.0,9.84777443155088
1101,647.0,17.0,55.02786579897981
1102,647.0,19.0,-40.62824731669479
1103,647.0,24.0,-58.8061367038481
1104,647.0,28.0,-36.81310275612373
1105,648.0,2.0,-16.95753818866092
1106,648.0,6.0,-17.587613078402438
1107,648.0,12.0,-65.81686528901913
1108,648.0,14.0,-4.10708427629577
1109,648.0,15.0,67.65286044399583
1110,648.0,17.0,52.15931784905067
1111,648.0,19.0,-57.57428372331422
1112,648.0,24.0,-41.42441261908066
1113,648.0,28.0,-24.49966871605715
1114,649.0,2.0,-67.93662521767783
1115,649.0,6.0,-79.84290634937396
1116,649.0,12.0,-81.90546696647571
1117,649.0,14.0,5.652552797645373
1118,649.0,17.0,-35.125567438937985
1119,649.0,19.0,-33.64210670291563
1120,649.0,24.0,-100.8273474104989
1121,649.0,28.0,12.013910257187062
1122,650.0,2.0,-57.21102648916881
1123,650.0,6.0,-46.13563255938748
1124,650.0,12.0,-45.60584287479203
1125,650.0,14.0,37.235410761512455
1126,650.0,17.0,-25.934498269613343
1127,650.0,19.0,-13.390981633732833
1128,650.0,24.0,-108.32271433313471
1129,650.0,28.0,13.281936507786837
